<?xml version="1.0" encoding="UTF-8"?>

<web-app xmlns="http://xmlns.jcp.org/xml/ns/javaee"
  xmlns:xsi="http://www.w3.org/2001/XMLSchema-instance"
  xsi:schemaLocation="http://xmlns.jcp.org/xml/ns/javaee
                      http://xmlns.jcp.org/xml/ns/javaee/web-app_4_0.xsd"
  version="4.0"
  metadata-complete="true">

	<context-param>
		<param-name>contextConfigLocation</param-name>
		<param-value>/WEB-INF/root-context.xml</param-value>
	</context-param>
	
	<listener>
		<listener-class>org.springframework.web.context.ContextLoaderListener</listener-class>
	</listener>
	
	<servlet>
		<servlet-name>appServlet</servlet-name>
		<servlet-class>org.springframework.web.servlet.DispatcherServlet</servlet-class>
		<init-param>
			<param-name>contextConfigLocation</param-name>
			<param-value>/WEB-INF/servlet-context.xml</param-value>
		</init-param>
		<load-on-startup>1</load-on-startup>
	</servlet>
	
	<servlet-mapping>
		<servlet-name>appServlet</servlet-name>
		<url-pattern>/</url-pattern>
	</servlet-mapping>



	<!-- <servlet> -->
	<!-- <servlet-name>dispatcher1</servlet-name> -->
	<!-- <servlet-class>org.springframework.web.servlet.DispatcherServlet</servlet-class> -->
	<!-- </servlet> -->
	<!-- <servlet-mapping> -->
	<!-- <servlet-name>dispatcher1</servlet-name> -->
	<!-- <url-pattern>/</url-pattern> -->
	<!-- </servlet-mapping> -->

  <display-name>Welcome to Tomcat</display-name>
  <description>
     Welcome to Tomcat
  </description>

</web-app>
